session_name,session_id,session_time,metric,source_file,Time,HoloCapturerDecoder_color,HoloCapturerDecoder_geo,HoloCapturerPreparer,MediaReaderDual
Demo_Session_001_10_13,001,10_13,fps,Demo_Session_001_10_13_fps.csv,28:10:2025 09:13:50,16.3154131262838,17.2139667043521,16.805708294102,16.3898943767719
Demo_Session_001_10_13,001,10_13,fps,Demo_Session_001_10_13_fps.csv,28:10:2025 09:13:55,16.3531017225366,13.194079435395,15.3922832625007,16.5028163512234
Demo_Session_001_10_13,001,10_13,fps,Demo_Session_001_10_13_fps.csv,28:10:2025 09:14:00,13.1751692328529,15.8349013596984,14.4081824167311,15.0400949524859
Demo_Session_001_10_13,001,10_13,fps,Demo_Session_001_10_13_fps.csv,28:10:2025 09:14:05,13.3232307058031,16.4192019282711,12.1942665900626,13.4129718102254
Demo_Session_001_10_13,001,10_13,fps,Demo_Session_001_10_13_fps.csv,28:10:2025 09:14:10,13.9687470238462,16.7582681584334,16.6116048964953,16.5487406651718
Demo_Session_001_10_13,001,10_13,fps,Demo_Session_001_10_13_fps.csv,28:10:2025 09:14:15,15.3494609294079,13.3249164277898,14.7847357262987,14.9933219743926
Demo_Session_001_10_13,001,10_13,fps,Demo_Session_001_10_13_fps.csv,28:10:2025 09:14:20,14.1426795442429,14.9929794164771,17.1635270734289,15.3967708104244
Demo_Session_001_10_13,001,10_13,fps,Demo_Session_001_10_13_fps.csv,28:10:2025 09:14:25,15.1094262422026,12.6516162391085,13.4648244924958,17.0639819855055
Demo_Session_001_10_13,001,10_13,fps,Demo_Session_001_10_13_fps.csv,28:10:2025 09:14:30,13.4226172691814,12.8678568798831,12.8347077879296,13.7319328958889
Demo_Session_001_10_13,001,10_13,fps,Demo_Session_001_10_13_fps.csv,28:10:2025 09:14:35,16.9192233976936,16.8609059563134,17.8552995904525,15.2351019501078
Demo_Session_001_10_13,001,10_13,fps,Demo_Session_001_10_13_fps.csv,28:10:2025 09:14:40,15.3740038885319,15.5407974099707,14.282793882191,15.6430429668439
Demo_Session_001_10_13,001,10_13,fps,Demo_Session_001_10_13_fps.csv,28:10:2025 09:14:45,14.2845004550106,16.2481816192199,16.554295321723,15.2792257673679
Demo_Session_001_10_13,001,10_13,fps,Demo_Session_001_10_13_fps.csv,28:10:2025 09:14:50,15.3724402593499,14.8018401265662,15.045360061917,15.484929292566
Demo_Session_001_10_13,001,10_13,fps,Demo_Session_001_10_13_fps.csv,28:10:2025 09:14:55,15.9742916527113,17.4138519331018,16.1965042348705,15.9587756775492
Demo_Session_001_10_13,001,10_13,fps,Demo_Session_001_10_13_fps.csv,28:10:2025 09:15:00,16.3855729895845,16.7070346296043,16.9350066861826,16.5206275583892
Demo_Session_001_10_13,001,10_13,fps,Demo_Session_001_10_13_fps.csv,28:10:2025 09:15:05,15.9078735274342,16.1284079325962,17.4999195003703,15.7921656250746
Demo_Session_001_10_13,001,10_13,fps,Demo_Session_001_10_13_fps.csv,28:10:2025 09:15:10,16.9699314632954,16.6848515190527,17.4424782195532,13.4749351383997
Demo_Session_001_10_13,001,10_13,fps,Demo_Session_001_10_13_fps.csv,28:10:2025 09:15:15,16.3220921004771,15.6392089238499,15.9993992225592,16.1054020881791
Demo_Session_001_10_13,001,10_13,fps,Demo_Session_001_10_13_fps.csv,28:10:2025 09:15:20,14.9061545773198,14.9514867661979,14.9962606098544,14.3124779379116
Demo_Session_001_10_13,001,10_13,fps,Demo_Session_001_10_13_fps.csv,28:10:2025 09:15:25,14.4967461811584,15.4117040358232,15.4400660062822,15.8801195339907
Demo_Session_001_10_13,001,10_13,fps,Demo_Session_001_10_13_fps.csv,28:10:2025 09:15:30,13.8446142794044,14.735167776585,13.7126400893951,16.6789894965535
Demo_Session_001_10_13,001,10_13,fps,Demo_Session_001_10_13_fps.csv,28:10:2025 09:15:35,15.4516329707132,13.4924010797119,17.2019098248364,15.3943421687372
Demo_Session_001_10_13,001,10_13,fps,Demo_Session_001_10_13_fps.csv,28:10:2025 09:15:40,16.1600704931657,14.3656144652161,17.064529420492,13.8530009582813
Demo_Session_001_10_13,001,10_13,fps,Demo_Session_001_10_13_fps.csv,28:10:2025 09:15:45,15.992019982029,13.2474655513151,18.3073526435001,13.488844942018
Demo_Session_001_10_13,001,10_13,fps,Demo_Session_001_10_13_fps.csv,28:10:2025 09:15:50,16.2215278584348,13.3155513655954,17.5642759800524,13.8689535965377
Demo_Session_001_10_13,001,10_13,fps,Demo_Session_001_10_13_fps.csv,28:10:2025 09:15:55,14.786489765555,16.2800747446961,15.0490661119611,16.0950349326165
Demo_Session_001_10_13,001,10_13,fps,Demo_Session_001_10_13_fps.csv,28:10:2025 09:16:00,14.1433837714035,16.812599203607,12.6846825176652,15.9960129937613
Demo_Session_001_10_13,001,10_13,fps,Demo_Session_001_10_13_fps.csv,28:10:2025 09:16:05,13.2544578546285,16.7107346761457,13.4710036646119,15.905797911867
Demo_Session_001_10_13,001,10_13,fps,Demo_Session_001_10_13_fps.csv,28:10:2025 09:16:10,15.6904870979331,13.9857387422046,12.6208844084749,16.0771743343015
Demo_Session_001_10_13,001,10_13,fps,Demo_Session_001_10_13_fps.csv,28:10:2025 09:16:15,14.7338122931325,17.7757482701234,13.6639679570842,16.5923305855946
Demo_Session_001_10_13,001,10_13,fps,Demo_Session_001_10_13_fps.csv,28:10:2025 09:16:20,16.8484849445903,15.927713279924,16.3779498797015,17.0801494308113
Demo_Session_001_10_13,001,10_13,fps,Demo_Session_001_10_13_fps.csv,28:10:2025 09:16:25,15.6841925101315,16.818009793325,16.7464980201812,16.2771615885622
Demo_Session_001_10_13,001,10_13,fps,Demo_Session_001_10_13_fps.csv,28:10:2025 09:16:30,14.4399227016,15.6122517731249,12.9748113499857,15.0850480868906
Demo_Session_001_10_13,001,10_13,fps,Demo_Session_001_10_13_fps.csv,28:10:2025 09:16:35,16.795193531756,17.3251785532902,13.5800920119134,15.9423040046918
Demo_Session_001_10_13,001,10_13,fps,Demo_Session_001_10_13_fps.csv,28:10:2025 09:16:40,15.0788536491215,12.8787810491313,12.4682707446091,14.6576307259118
Demo_Session_001_10_13,001,10_13,fps,Demo_Session_001_10_13_fps.csv,28:10:2025 09:16:45,14.1433160126428,14.7613699082684,12.7768325550665,13.7449147251746
Demo_Session_001_10_13,001,10_13,fps,Demo_Session_001_10_13_fps.csv,28:10:2025 09:16:50,13.5681909656976,16.6165206139668,12.862140717536,13.1165819780787
Demo_Session_001_10_13,001,10_13,fps,Demo_Session_001_10_13_fps.csv,28:10:2025 09:16:55,15.861715187736,14.450204402958,16.0794719387913,16.0041707839013
Demo_Session_001_10_13,001,10_13,fps,Demo_Session_001_10_13_fps.csv,28:10:2025 09:17:00,13.3744593003315,16.8495578799906,13.9096795820857,14.227769323848
Demo_Session_001_10_13,001,10_13,fps,Demo_Session_001_10_13_fps.csv,28:10:2025 09:17:05,13.2780004629596,15.2411470963591,13.8723901788644,14.4379542631597
Demo_Session_001_10_13,001,10_13,fps,Demo_Session_001_10_13_fps.csv,28:10:2025 09:17:10,15.9744066044587,16.7748794404216,17.4052371861401,16.5404058032889
Demo_Session_001_10_13,001,10_13,fps,Demo_Session_001_10_13_fps.csv,28:10:2025 09:17:15,13.8238031869593,16.4950902363911,14.6884434264809,14.9390717428504
Demo_Session_001_10_13,001,10_13,fps,Demo_Session_001_10_13_fps.csv,28:10:2025 09:17:20,13.893564183503,15.1735793463687,16.8730455182164,16.4989143714344
Demo_Session_001_10_13,001,10_13,fps,Demo_Session_001_10_13_fps.csv,28:10:2025 09:17:25,7.49657715106785,7.62241854290514,6.98822763173159,7.60529688013135
Demo_Session_001_10_13,001,10_13,fps,Demo_Session_001_10_13_fps.csv,28:10:2025 09:17:30,10.4268250630488,11.3861425595544,8.76529798230222,9.64574796367926
Demo_Session_001_10_13,001,10_13,fps,Demo_Session_001_10_13_fps.csv,28:10:2025 09:17:35,8.74801814863845,9.13063653415646,9.56183649221351,8.9241328234216
Demo_Session_001_10_13,001,10_13,fps,Demo_Session_001_10_13_fps.csv,28:10:2025 09:17:40,9.90941380154842,8.26466892441216,8.16757480489586,8.78231409780483
Demo_Session_001_10_13,001,10_13,fps,Demo_Session_001_10_13_fps.csv,28:10:2025 09:17:45,9.83822860164197,9.15422214406337,8.34408534173422,9.45596543763581
Demo_Session_001_10_13,001,10_13,fps,Demo_Session_001_10_13_fps.csv,28:10:2025 09:17:50,8.4383314083183,9.6681929359445,10.2096359127152,9.84644614926907
Demo_Session_001_10_13,001,10_13,fps,Demo_Session_001_10_13_fps.csv,28:10:2025 09:17:55,8.33237048163323,9.71999890747212,10.4471136714349,9.98776798055422
Demo_Session_001_10_13,001,10_13,fps,Demo_Session_001_10_13_fps.csv,28:10:2025 09:18:00,8.19071452420862,7.79380893915787,7.5113551738191,8.51277859916135
Demo_Session_001_10_13,001,10_13,fps,Demo_Session_001_10_13_fps.csv,28:10:2025 09:18:05,9.62192474865849,9.40508901446498,9.39763438790289,9.29516750601214
Demo_Session_001_10_13,001,10_13,fps,Demo_Session_001_10_13_fps.csv,28:10:2025 09:18:10,9.83248590414821,9.62406756018435,9.65214909443055,9.28620817932931
Demo_Session_001_10_13,001,10_13,fps,Demo_Session_001_10_13_fps.csv,28:10:2025 09:18:15,9.83926478652092,9.29780527753215,9.27739355710066,9.45599181409719
Demo_Session_001_10_13,001,10_13,fps,Demo_Session_001_10_13_fps.csv,28:10:2025 09:18:20,9.83926478652092,9.29780527753215,9.27739355710066,9.45599181409719
Demo_Session_001_10_13,001,10_13,fps,Demo_Session_001_10_13_fps.csv,28:10:2025 09:18:25,9.83926478652092,9.29780527753215,9.27739355710066,9.45599181409719
Demo_Session_001_10_13,001,10_13,fps,Demo_Session_001_10_13_fps.csv,28:10:2025 09:18:30,9.83926478652092,9.29780527753215,9.27739355710066,9.45599181409719
Demo_Session_001_10_13,001,10_13,fps,Demo_Session_001_10_13_fps.csv,28:10:2025 09:18:35,9.83926478652092,9.29780527753215,9.27739355710066,9.45599181409719
Demo_Session_001_10_13,001,10_13,fps,Demo_Session_001_10_13_fps.csv,28:10:2025 09:18:40,9.83926478652092,9.29780527753215,9.27739355710066,9.45599181409719
Demo_Session_001_10_13,001,10_13,fps,Demo_Session_001_10_13_fps.csv,28:10:2025 09:18:45,9.83926478652092,9.29780527753215,9.27739355710066,9.45599181409719
Demo_Session_001_10_13,001,10_13,fps,Demo_Session_001_10_13_fps.csv,28:10:2025 09:18:50,10.3392158876527,10.3313286619985,9.83363698784882,8.95451331100841
Demo_Session_001_10_13,001,10_13,fps,Demo_Session_001_10_13_fps.csv,28:10:2025 09:18:55,8.4562162491269,8.45836707143768,8.160340514689,9.94138460224669
Demo_Session_001_10_13,001,10_13,fps,Demo_Session_001_10_13_fps.csv,28:10:2025 09:19:00,10.1315504634919,10.2564332989466,10.4987422745363,10.3369948938199
Demo_Session_001_10_13,001,10_13,fps,Demo_Session_001_10_13_fps.csv,28:10:2025 09:19:05,8.76150525580797,8.59382202547887,8.16583445605552,8.97063688641847
Demo_Session_001_10_13,001,10_13,fps,Demo_Session_001_10_13_fps.csv,28:10:2025 09:19:10,17.0417548800648,15.4377257580645,15.2964803292197,17.6526338564636
Demo_Session_001_10_13,001,10_13,fps,Demo_Session_001_10_13_fps.csv,28:10:2025 09:19:15,15.478532822828,17.7261077057015,17.8012050426858,15.3789270896477
Demo_Session_001_10_13,001,10_13,fps,Demo_Session_001_10_13_fps.csv,28:10:2025 09:19:20,20.8334232394753,22.7484690403969,20.6633536750931,24.3721788892066
Demo_Session_001_10_13,001,10_13,fps,Demo_Session_001_10_13_fps.csv,28:10:2025 09:19:25,15.8122477421469,14.6921624659325,14.4928341389336,15.3385268655692
Demo_Session_001_10_13,001,10_13,fps,Demo_Session_001_10_13_fps.csv,28:10:2025 09:19:30,12.9414689712105,12.8928411507753,13.8725755382795,13.1073606281915
Demo_Session_001_10_13,001,10_13,fps,Demo_Session_001_10_13_fps.csv,28:10:2025 09:19:35,15.4014668058893,17.6480831044312,17.3568489065089,17.0946165535866
Demo_Session_001_10_13,001,10_13,fps,Demo_Session_001_10_13_fps.csv,28:10:2025 09:19:40,14.7893617754451,14.1896302182365,13.0052115254304,14.4215741538967
Demo_Session_001_10_13,001,10_13,fps,Demo_Session_001_10_13_fps.csv,28:10:2025 09:19:45,16.3917655098162,12.6385974112361,15.1716696734834,14.7816565745304
Demo_Session_001_10_13,001,10_13,fps,Demo_Session_001_10_13_fps.csv,28:10:2025 09:19:50,17.4481884767278,16.1358172620593,13.3798025438473,13.8361696367834
Demo_Session_001_10_13,001,10_13,fps,Demo_Session_001_10_13_fps.csv,28:10:2025 09:19:55,15.9519060666694,17.1914495820464,14.886691344459,14.4664270845511
Demo_Session_001_10_13,001,10_13,fps,Demo_Session_001_10_13_fps.csv,28:10:2025 09:20:00,13.4416611742546,13.3463224356821,13.1892751848477,12.4246314687052
Demo_Session_001_10_13,001,10_13,fps,Demo_Session_001_10_13_fps.csv,28:10:2025 09:20:05,14.3141663355487,15.0073666806058,18.8029321094406,19.5902704725795
Demo_Session_001_10_13,001,10_13,fps,Demo_Session_001_10_13_fps.csv,28:10:2025 09:20:10,16.6729263697581,15.0510965306446,15.99008163454,16.2362756314085
Demo_Session_001_10_13,001,10_13,fps,Demo_Session_001_10_13_fps.csv,28:10:2025 09:20:15,16.4176164009003,18.4478825471865,13.5113752992468,15.0819022702787
Demo_Session_001_10_13,001,10_13,fps,Demo_Session_001_10_13_fps.csv,28:10:2025 09:20:20,19.7780829865617,18.9204835629269,12.8582019531241,14.3438517096751
Demo_Session_001_10_13,001,10_13,fps,Demo_Session_001_10_13_fps.csv,28:10:2025 09:20:25,17.0787142324148,17.462667436421,17.5460665885899,17.9156049597163
Demo_Session_001_10_13,001,10_13,fps,Demo_Session_001_10_13_fps.csv,28:10:2025 09:20:30,18.8775517047448,21.3856211438741,19.2798911229943,20.2063940226135
Demo_Session_001_10_13,001,10_13,fps,Demo_Session_001_10_13_fps.csv,28:10:2025 09:20:35,16.1861942063725,15.984321027941,12.9215085832556,13.5136348231697
Demo_Session_001_10_13,001,10_13,fps,Demo_Session_001_10_13_fps.csv,28:10:2025 09:20:40,14.3231180855147,14.0686222763147,13.8223803392832,14.1403577210021
Demo_Session_001_10_13,001,10_13,fps,Demo_Session_001_10_13_fps.csv,28:10:2025 09:20:45,17.1015083481502,16.4875102399215,17.1106346749945,15.2567273347251
Demo_Session_001_10_13,001,10_13,fps,Demo_Session_001_10_13_fps.csv,28:10:2025 09:20:50,13.8696646805472,13.8023952479536,16.4954392938142,15.3112074976641
Demo_Session_001_10_13,001,10_13,fps,Demo_Session_001_10_13_fps.csv,28:10:2025 09:20:55,12.8027901357632,12.4200126346305,15.2097500581773,13.2541460568504
Demo_Session_001_10_13,001,10_13,fps,Demo_Session_001_10_13_fps.csv,28:10:2025 09:21:00,16.320359356509,16.398800542035,17.9918551358067,15.1780879330284
Demo_Session_001_10_13,001,10_13,fps,Demo_Session_001_10_13_fps.csv,28:10:2025 09:21:05,16.7576582868025,16.3238091524706,16.3558258485192,16.2624871877473
Demo_Session_001_10_13,001,10_13,fps,Demo_Session_001_10_13_fps.csv,28:10:2025 09:21:10,14.647937530232,14.4344169619026,15.3388196827734,14.8575311339565
Demo_Session_001_10_13,001,10_13,fps,Demo_Session_001_10_13_fps.csv,28:10:2025 09:21:15,17.2708401306426,17.3265722738111,13.6767526856258,13.6274946150955
Demo_Session_001_10_13,001,10_13,fps,Demo_Session_001_10_13_fps.csv,28:10:2025 09:21:20,14.9855135040956,14.9931219053259,16.3592693851146,14.883004938229
Demo_Session_001_10_13,001,10_13,fps,Demo_Session_001_10_13_fps.csv,28:10:2025 09:21:25,15.8932134985036,15.6504725195554,12.3746811457158,15.7011682994001
Demo_Session_001_10_13,001,10_13,fps,Demo_Session_001_10_13_fps.csv,28:10:2025 09:21:30,13.200796083437,12.945502117653,13.5735765899239,13.1731002950091
Demo_Session_001_10_13,001,10_13,fps,Demo_Session_001_10_13_fps.csv,28:10:2025 09:21:35,14.9379388392983,15.0641760627035,15.0044931196655,15.1097911544163
Demo_Session_001_10_13,001,10_13,fps,Demo_Session_001_10_13_fps.csv,28:10:2025 09:21:40,14.285479243839,14.3450508809391,13.5834044562008,13.7009661830012
Demo_Session_001_10_13,001,10_13,fps,Demo_Session_001_10_13_fps.csv,28:10:2025 09:21:45,15.028804886165,14.8705953358576,18.1496322393978,14.7063732862847
Demo_Session_001_10_13,001,10_13,fps,Demo_Session_001_10_13_fps.csv,28:10:2025 09:21:50,12.6934091084291,12.8566172192927,11.872872044551,16.9605802194539
Demo_Session_001_10_13,001,10_13,fps,Demo_Session_001_10_13_fps.csv,28:10:2025 09:21:55,13.805043791078,13.2428311943402,12.5388384492678,14.203894257199
Demo_Session_001_10_13,001,10_13,fps,Demo_Session_001_10_13_fps.csv,28:10:2025 09:22:00,13.884097635553,13.1649057548776,13.3025476250912,14.4847605833902
Demo_Session_001_10_13,001,10_13,fps,Demo_Session_001_10_13_fps.csv,28:10:2025 09:22:05,15.9118942503464,16.4081064001062,15.5846783343644,14.0234254778342
Demo_Session_001_10_13,001,10_13,fps,Demo_Session_001_10_13_fps.csv,28:10:2025 09:22:10,16.5222604901533,13.2363789816499,17.4470354045905,14.3098610221681
Demo_Session_001_10_13,001,10_13,fps,Demo_Session_001_10_13_fps.csv,28:10:2025 09:22:15,15.010636004037,15.2212531903256,15.8118758354662,16.2785482573617
Demo_Session_001_10_13,001,10_13,fps,Demo_Session_001_10_13_fps.csv,28:10:2025 09:22:20,15.206084631377,14.746948991434,14.6393130629849,15.9414498565076
Demo_Session_001_10_13,001,10_13,fps,Demo_Session_001_10_13_fps.csv,28:10:2025 09:22:25,13.4321855961898,13.3804251615228,13.3757327548412,15.2975846087385
Demo_Session_001_10_13,001,10_13,fps,Demo_Session_001_10_13_fps.csv,28:10:2025 09:22:30,14.2983799738271,15.3747236765388,16.4183662412121,14.3775305651922
Demo_Session_001_10_13,001,10_13,fps,Demo_Session_001_10_13_fps.csv,28:10:2025 09:22:35,16.7435161226271,16.9314235019612,16.309833861113,13.5851267134581
Demo_Session_001_10_13,001,10_13,fps,Demo_Session_001_10_13_fps.csv,28:10:2025 09:22:40,15.9618862081123,15.8817547770705,16.9714768873692,13.3468870203963
Demo_Session_001_10_13,001,10_13,fps,Demo_Session_001_10_13_fps.csv,28:10:2025 09:22:45,15.437529744381,15.9490189608915,14.1902839504199,15.13194536195
Demo_Session_001_10_13,001,10_13,fps,Demo_Session_001_10_13_fps.csv,28:10:2025 09:22:50,12.2214827953543,11.9119448074808,12.2730910025152,12.277798561615
Demo_Session_001_10_13,001,10_13,fps,Demo_Session_001_10_13_fps.csv,28:10:2025 09:22:55,15.3835511329886,15.2033483474317,13.9198515825653,15.8878279626269
Demo_Session_001_10_13,001,10_13,fps,Demo_Session_001_10_13_fps.csv,28:10:2025 09:23:00,15.841149703122,15.8531082693974,14.9444194623566,15.7104339226759
Demo_Session_001_10_13,001,10_13,fps,Demo_Session_001_10_13_fps.csv,28:10:2025 09:23:05,15.3724928579894,15.3763159894441,15.1796880887485,15.3162100739753
Demo_Session_001_10_13,001,10_13,fps,Demo_Session_001_10_13_fps.csv,28:10:2025 09:23:10,10.2155063213553,10.0089355964077,13.3828976382308,10.1607282048751
Demo_Session_001_10_13,001,10_13,fps,Demo_Session_001_10_13_fps.csv,28:10:2025 09:23:15,19.7129226783278,15.3719424958441,19.3819474652811,16.9259582419684
Demo_Session_001_10_13,001,10_13,fps,Demo_Session_001_10_13_fps.csv,28:10:2025 09:23:20,12.9123977741609,12.7017018033192,15.9433548545373,14.217836373785
Demo_Session_001_10_13,001,10_13,fps,Demo_Session_001_10_13_fps.csv,28:10:2025 09:23:25,15.6039696888988,15.4577214893437,11.850703920418,14.7935070508567
Demo_Session_001_10_13,001,10_13,fps,Demo_Session_001_10_13_fps.csv,28:10:2025 09:23:30,13.2287633884272,13.4551278214718,13.1860629175434,14.9997689551717
Demo_Session_001_10_13,001,10_13,fps,Demo_Session_001_10_13_fps.csv,28:10:2025 09:23:35,16.1082041768573,15.1859769651508,13.9506509672684,14.9299249044684
Demo_Session_001_10_13,001,10_13,fps,Demo_Session_001_10_13_fps.csv,28:10:2025 09:23:40,17.0222112134449,17.5319606425016,13.1962416739678,13.7827446632843
Demo_Session_001_10_13,001,10_13,fps,Demo_Session_001_10_13_fps.csv,28:10:2025 09:23:45,14.8895833169962,13.8484036030183,13.8428878058765,13.1076099336459
Demo_Session_001_10_13,001,10_13,fps,Demo_Session_001_10_13_fps.csv,28:10:2025 09:23:50,9.49972783279759,11.4348823472413,10.4609581350961,11.1114503592573
Demo_Session_001_10_13,001,10_13,fps,Demo_Session_001_10_13_fps.csv,28:10:2025 09:23:55,10.9548054025714,10.7043714852865,9.53171994357984,10.1325731394461
Demo_Session_001_10_13,001,10_13,fps,Demo_Session_001_10_13_fps.csv,28:10:2025 09:24:00,8.01757112021834,7.92428582621625,9.43585299544928,8.40070990940328
Demo_Session_001_10_13,001,10_13,fps,Demo_Session_001_10_13_fps.csv,28:10:2025 09:24:05,8.75355972016426,8.67383103806264,11.868238249281,8.97790136830305
Demo_Session_001_10_13,001,10_13,fps,Demo_Session_001_10_13_fps.csv,28:10:2025 09:24:10,9.49018525041402,9.97191857868649,8.82525379713899,8.50457210521138
Demo_Session_001_10_13,001,10_13,fps,Demo_Session_001_10_13_fps.csv,28:10:2025 09:24:15,8.4238755426896,8.43480528127967,8.34758232901279,8.48166548999265
Demo_Session_001_10_13,001,10_13,fps,Demo_Session_001_10_13_fps.csv,28:10:2025 09:24:20,8.77966722719964,8.77302645286801,7.80111829030692,8.60209832896116
Demo_Session_001_10_13,001,10_13,fps,Demo_Session_001_10_13_fps.csv,28:10:2025 09:24:25,11.7789890613927,12.2396318201248,10.473967999933,9.82339592364621
Demo_Session_001_10_13,001,10_13,fps,Demo_Session_001_10_13_fps.csv,28:10:2025 09:24:30,10.7310372815746,10.7414888836332,9.7202804611962,9.57852158297138
Demo_Session_001_10_13,001,10_13,fps,Demo_Session_001_10_13_fps.csv,28:10:2025 09:24:35,14.4149847444725,13.8722394491215,14.4821406241823,13.7377004078632
Demo_Session_001_10_13,001,10_13,fps,Demo_Session_001_10_13_fps.csv,28:10:2025 09:24:40,11.6871319709968,11.9995077321948,12.3313387310727,10.1982663503473
Demo_Session_001_10_13,001,10_13,fps,Demo_Session_001_10_13_fps.csv,28:10:2025 09:24:45,13.0525046668747,13.1897609937146,10.2067136554601,10.2872045447498
Demo_Session_001_10_13,001,10_13,fps,Demo_Session_001_10_13_fps.csv,28:10:2025 09:24:50,13.1758998737017,13.1714834456406,12.2209144837888,12.7065548229195
Demo_Session_001_10_13,001,10_13,fps,Demo_Session_001_10_13_fps.csv,28:10:2025 09:24:55,14.1287857967601,14.2722744434354,13.9525035849214,12.3998722713957
Demo_Session_001_10_13,001,10_13,fps,Demo_Session_001_10_13_fps.csv,28:10:2025 09:25:00,14.1287857967601,14.2722744434354,13.9525035849214,12.3998722713957
Demo_Session_001_10_13,001,10_13,fps,Demo_Session_001_10_13_fps.csv,28:10:2025 09:25:05,14.1287857967601,14.2722744434354,13.9525035849214,12.3998722713957
Demo_Session_001_10_13,001,10_13,fps,Demo_Session_001_10_13_fps.csv,28:10:2025 09:25:10,14.1287857967601,14.2722744434354,13.9525035849214,12.3998722713957
Demo_Session_001_10_13,001,10_13,fps,Demo_Session_001_10_13_fps.csv,28:10:2025 09:25:15,14.1287857967601,14.2722744434354,13.9525035849214,12.3998722713957
Demo_Session_001_10_13,001,10_13,fps,Demo_Session_001_10_13_fps.csv,28:10:2025 09:25:20,14.1287857967601,14.2722744434354,13.9525035849214,12.3998722713957
Demo_Session_001_10_13,001,10_13,fps,Demo_Session_001_10_13_fps.csv,28:10:2025 09:25:25,14.5678809594348,14.4590876980781,14.3389370058474,14.4972861080406
Demo_Session_001_10_13,001,10_13,fps,Demo_Session_001_10_13_fps.csv,28:10:2025 09:25:30,16.1227552441988,16.8092129120661,17.2357619802334,15.8068271825172
Demo_Session_001_10_13,001,10_13,fps,Demo_Session_001_10_13_fps.csv,28:10:2025 09:25:35,14.9236774251939,14.2162319269411,14.960613771245,14.9842206489328
Demo_Session_002_11_29,002,11_29,fps,Demo_Session_002_11_29_fps.csv,28:10:2025 10:30:25,14.9965522926279,15.1378370872809,14.9254971421902,14.9689080810249
Demo_Session_002_11_29,002,11_29,fps,Demo_Session_002_11_29_fps.csv,28:10:2025 10:30:30,14.9611003909286,14.9816252782354,14.9949886747849,14.9665762556716
Demo_Session_002_11_29,002,11_29,fps,Demo_Session_002_11_29_fps.csv,28:10:2025 10:30:35,14.9469155472753,14.9499147954523,14.9710930649555,14.6195707099825
Demo_Session_002_11_29,002,11_29,fps,Demo_Session_002_11_29_fps.csv,28:10:2025 10:30:40,14.9111785825374,14.9280408717817,14.9185647763834,14.8906416387409
Demo_Session_002_11_29,002,11_29,fps,Demo_Session_002_11_29_fps.csv,28:10:2025 10:30:45,15.0156113921022,13.3778669784219,15.0262472185083,12.2156102110188
Demo_Session_002_11_29,002,11_29,fps,Demo_Session_002_11_29_fps.csv,28:10:2025 10:30:50,9.25945690263759,8.88589532948456,9.25324510088156,9.06483100340141
Demo_Session_002_11_29,002,11_29,fps,Demo_Session_002_11_29_fps.csv,28:10:2025 10:30:55,8.81002761258432,9.31657663666386,8.80084308165237,9.36642771594977
Demo_Session_002_11_29,002,11_29,fps,Demo_Session_002_11_29_fps.csv,28:10:2025 10:31:00,8.750323093527,8.81179115565417,8.7525122141308,8.93744237211637
Demo_Session_002_11_29,002,11_29,fps,Demo_Session_002_11_29_fps.csv,28:10:2025 10:31:05,10.4649434858169,10.873158624409,10.4831132769778,10.7567711184998
Demo_Session_002_11_29,002,11_29,fps,Demo_Session_002_11_29_fps.csv,28:10:2025 10:31:10,9.20597675267988,9.40889880773901,9.19251808373929,9.21292882304543
Demo_Session_002_11_29,002,11_29,fps,Demo_Session_002_11_29_fps.csv,28:10:2025 10:31:15,9.6734293772667,9.95107999319943,9.67575996200523,9.89053942210765
Demo_Session_002_11_29,002,11_29,fps,Demo_Session_002_11_29_fps.csv,28:10:2025 10:31:20,10.4383599189248,9.88728544034435,10.4487384889731,10.6846894713556
Demo_Session_002_11_29,002,11_29,fps,Demo_Session_002_11_29_fps.csv,28:10:2025 10:31:25,9.90730676611967,9.85021176970284,9.91413556031885,10.0147020595139
Demo_Session_002_11_29,002,11_29,fps,Demo_Session_002_11_29_fps.csv,28:10:2025 10:31:30,10.2692218316223,10.458091811588,10.2680614344961,10.4008863140036
Demo_Session_002_11_29,002,11_29,fps,Demo_Session_002_11_29_fps.csv,28:10:2025 10:31:35,10.5767456113357,10.0815980542708,10.5719263169413,9.98102606944199
Demo_Session_002_11_29,002,11_29,fps,Demo_Session_002_11_29_fps.csv,28:10:2025 10:31:40,11.1005173565035,10.627579331619,11.0789457737627,11.1739833909911
Demo_Session_002_11_29,002,11_29,fps,Demo_Session_002_11_29_fps.csv,28:10:2025 10:31:45,10.0708508334348,10.3117026383866,10.1856598423231,9.77672549794941
Demo_Session_002_11_29,002,11_29,fps,Demo_Session_002_11_29_fps.csv,28:10:2025 10:31:50,10.0906234083243,9.96885083025325,10.0882500902178,10.4204316678705
Demo_Session_002_11_29,002,11_29,fps,Demo_Session_002_11_29_fps.csv,28:10:2025 10:31:55,11.9627521766851,11.1789538598886,11.974610233921,11.7752828570133
Demo_Session_002_11_29,002,11_29,fps,Demo_Session_002_11_29_fps.csv,28:10:2025 10:32:00,10.577834906634,10.4194886114989,10.5827461312246,10.9071101418326
Demo_Session_002_11_29,002,11_29,fps,Demo_Session_002_11_29_fps.csv,28:10:2025 10:32:05,10.3303991228409,10.7299837152988,10.32816870798,10.6543153196501
Demo_Session_002_11_29,002,11_29,fps,Demo_Session_002_11_29_fps.csv,28:10:2025 10:32:10,10.3303991228409,10.7299837152988,10.32816870798,10.6543153196501
Demo_Session_002_11_29,002,11_29,fps,Demo_Session_002_11_29_fps.csv,28:10:2025 10:32:15,10.3303991228409,10.7299837152988,10.32816870798,10.6543153196501
Demo_Session_002_11_29,002,11_29,fps,Demo_Session_002_11_29_fps.csv,28:10:2025 10:32:20,10.3303991228409,10.7299837152988,10.32816870798,10.6543153196501
Demo_Session_002_11_29,002,11_29,fps,Demo_Session_002_11_29_fps.csv,28:10:2025 10:32:25,10.3303991228409,10.7299837152988,10.32816870798,10.6543153196501
Demo_Session_002_11_29,002,11_29,fps,Demo_Session_002_11_29_fps.csv,28:10:2025 10:32:30,10.3303991228409,10.7299837152988,10.32816870798,10.6543153196501
Demo_Session_002_11_29,002,11_29,fps,Demo_Session_002_11_29_fps.csv,28:10:2025 10:32:35,10.3303991228409,10.7299837152988,10.32816870798,10.6543153196501
Demo_Session_002_11_29,002,11_29,fps,Demo_Session_002_11_29_fps.csv,28:10:2025 10:32:40,10.420367034107,10.4306922224587,10.4216758948125,10.4253663659908
Demo_Session_002_11_29,002,11_29,fps,Demo_Session_002_11_29_fps.csv,28:10:2025 10:32:45,8.7096326068903,8.71601353945543,8.71414679280426,8.711658478595
Demo_Session_002_11_29,002,11_29,fps,Demo_Session_002_11_29_fps.csv,28:10:2025 10:32:50,9.59769900924873,9.59306597842174,9.60004439060526,9.59291505665576
Demo_Session_002_11_29,002,11_29,fps,Demo_Session_002_11_29_fps.csv,28:10:2025 10:32:55,16.7213561570665,16.7130207211963,16.7176193480679,16.7205922158365
Demo_Session_002_11_29,002,11_29,fps,Demo_Session_002_11_29_fps.csv,28:10:2025 10:33:00,14.0894236284007,14.0789732331046,14.0790060415928,14.0847061024515
Demo_Session_002_11_29,002,11_29,fps,Demo_Session_002_11_29_fps.csv,28:10:2025 10:33:05,12.3238033835761,12.3236772108523,12.3294814926658,12.3148527022837
Demo_Session_002_11_29,002,11_29,fps,Demo_Session_002_11_29_fps.csv,28:10:2025 10:33:10,15.1137595618297,15.1211368909694,15.1245585458488,15.1215160149049
Demo_Session_002_11_29,002,11_29,fps,Demo_Session_002_11_29_fps.csv,28:10:2025 10:33:15,16.2696823098019,16.2414171492828,16.2376938577675,16.2650465234547
Demo_Session_002_11_29,002,11_29,fps,Demo_Session_002_11_29_fps.csv,28:10:2025 10:33:20,15.6656381032966,15.8372179471907,15.833209801311,15.6619907467001
Demo_Session_002_11_29,002,11_29,fps,Demo_Session_002_11_29_fps.csv,28:10:2025 10:33:25,15.0562099313578,15.4120503639953,15.415897798764,15.0708250994772
Demo_Session_002_11_29,002,11_29,fps,Demo_Session_002_11_29_fps.csv,28:10:2025 10:33:30,15.8797458605472,15.875856359816,15.8759248842521,15.8774309959406
Demo_Session_002_11_29,002,11_29,fps,Demo_Session_002_11_29_fps.csv,28:10:2025 10:33:35,16.6260493910049,16.6139783661569,16.60981306779,16.6177136518672
Demo_Session_002_11_29,002,11_29,fps,Demo_Session_002_11_29_fps.csv,28:10:2025 10:33:40,19.7225821593466,19.7115908441435,19.7017868584846,19.7011357409238
Demo_Session_002_11_29,002,11_29,fps,Demo_Session_002_11_29_fps.csv,28:10:2025 10:33:45,19.8033321185639,19.8184294945002,19.8130607993986,19.8178236650677
Demo_Session_002_11_29,002,11_29,fps,Demo_Session_002_11_29_fps.csv,28:10:2025 10:33:50,15.8876907087643,15.8955969246193,15.884120575168,15.8917564790939
Demo_Session_002_11_29,002,11_29,fps,Demo_Session_002_11_29_fps.csv,28:10:2025 10:33:55,15.6304309641963,15.6304309641963,15.6339131626019,15.6224163513583
Demo_Session_002_11_29,002,11_29,fps,Demo_Session_002_11_29_fps.csv,28:10:2025 10:34:00,14.598744031121,14.588037468888,14.5773756408943,14.5882233260536
Demo_Session_002_11_29,002,11_29,fps,Demo_Session_002_11_29_fps.csv,28:10:2025 10:34:05,15.0030298860839,14.9923116040734,14.9996361378588,14.9961329326883
Demo_Session_002_11_29,002,11_29,fps,Demo_Session_002_11_29_fps.csv,28:10:2025 10:34:10,15.1010440082419,15.1084155531683,15.1043932833199,15.1083581191634
Demo_Session_002_11_29,002,11_29,fps,Demo_Session_002_11_29_fps.csv,28:10:2025 10:34:15,14.9363814704031,14.9400017001722,14.9312654127987,14.936591926782
Demo_Session_002_11_29,002,11_29,fps,Demo_Session_002_11_29_fps.csv,28:10:2025 10:34:20,14.6681944406076,14.682545742003,14.6863106842029,14.6746871332245
Demo_Session_002_11_29,002,11_29,fps,Demo_Session_002_11_29_fps.csv,28:10:2025 10:34:25,14.9779524539877,14.9667117879768,14.9741194805957,14.9778761790959
Demo_Session_002_11_29,002,11_29,fps,Demo_Session_002_11_29_fps.csv,28:10:2025 10:34:30,14.9652410552754,14.9580453366774,14.9499999662419,15.0951385716678
Demo_Session_002_11_29,002,11_29,fps,Demo_Session_002_11_29_fps.csv,28:10:2025 10:34:35,4.11420384253347,4.11289296398542,4.1116433897046,4.32810698956818
Demo_Session_002_11_29,002,11_29,fps,Demo_Session_002_11_29_fps.csv,28:10:2025 10:34:40,3.2198377330576,3.21539981751228,3.2158123884027,3.2183703845925
Demo_Session_002_11_29,002,11_29,fps,Demo_Session_002_11_29_fps.csv,28:10:2025 10:34:45,3.26643777648354,3.26968456372108,3.27009331024398,3.26918049210881
Demo_Session_002_11_29,002,11_29,fps,Demo_Session_002_11_29_fps.csv,28:10:2025 10:34:50,17.2862033723802,17.2605819202999,17.2580499064342,17.271485295921
Demo_Session_002_11_29,002,11_29,fps,Demo_Session_002_11_29_fps.csv,28:10:2025 10:34:55,17.9462491890539,17.9375182427052,17.9335168662734,17.9372822924644
Demo_Session_002_11_29,002,11_29,fps,Demo_Session_002_11_29_fps.csv,28:10:2025 10:35:00,26.1648802142163,26.0941588520815,26.0683562470086,26.1514714939586
Demo_Session_002_11_29,002,11_29,fps,Demo_Session_002_11_29_fps.csv,28:10:2025 10:35:05,22.9470159261079,22.9355895446895,22.9633005904353,23.0082245101427
Demo_Session_002_11_29,002,11_29,fps,Demo_Session_002_11_29_fps.csv,28:10:2025 10:35:10,20.4301513555306,20.4302572308909,20.4352631299307,20.4100528968834
Demo_Session_002_11_29,002,11_29,fps,Demo_Session_002_11_29_fps.csv,28:10:2025 10:35:15,14.9815614432537,14.9741239650821,14.9855793769655,14.9742622380652
Demo_Session_002_11_29,002,11_29,fps,Demo_Session_002_11_29_fps.csv,28:10:2025 10:35:20,14.7861399493837,14.7612278541703,14.7681629467649,14.7789512265052
Demo_Session_002_11_29,002,11_29,fps,Demo_Session_002_11_29_fps.csv,28:10:2025 10:35:25,14.9431927057694,14.9505793648515,14.9617226767898,14.9509362600223
Demo_Session_002_11_29,002,11_29,fps,Demo_Session_002_11_29_fps.csv,28:10:2025 10:35:30,15.2427204086308,15.2464785061048,15.2425944960958,15.2500208949883
Demo_Session_002_11_29,002,11_29,fps,Demo_Session_002_11_29_fps.csv,28:10:2025 10:35:35,14.9083672117696,14.9232126095177,14.9232474996223,14.9272082154975
Demo_Session_002_11_29,002,11_29,fps,Demo_Session_002_11_29_fps.csv,28:10:2025 10:35:40,15.0106163794878,15.0102355280267,15.0103227442124,15.0124903920062
Demo_Session_002_11_29,002,11_29,fps,Demo_Session_002_11_29_fps.csv,28:10:2025 10:35:45,15.1011933401399,15.0983918361924,15.1077226925841,15.0968492096507
Demo_Session_002_11_29,002,11_29,fps,Demo_Session_002_11_29_fps.csv,28:10:2025 10:35:50,14.9871574564299,14.9581312256587,14.9751733364237,15.0236722187536
Demo_Session_002_11_29,002,11_29,fps,Demo_Session_002_11_29_fps.csv,28:10:2025 10:35:55,15.033334479423,15.0249705316707,15.0324604161373,15.0185605184523
Demo_Session_002_11_29,002,11_29,fps,Demo_Session_002_11_29_fps.csv,28:10:2025 10:36:00,14.9752225281837,14.9679601156975,14.9696116882728,14.9835046597201
Demo_Session_003_12_01,003,12_01,fps,Demo_Session_003_12_01_fps.csv,28:10:2025 11:01:10,14.8108645195422,14.9664235770261,14.9926820718807,14.9489485931071
Demo_Session_003_12_01,003,12_01,fps,Demo_Session_003_12_01_fps.csv,28:10:2025 11:01:15,14.9854121846386,15.0452351982792,14.9780571462807,14.9646960373435
Demo_Session_003_12_01,003,12_01,fps,Demo_Session_003_12_01_fps.csv,28:10:2025 11:01:20,13.1960504221087,14.3542270822885,15.4726503015668,14.0720516249162
Demo_Session_003_12_01,003,12_01,fps,Demo_Session_003_12_01_fps.csv,28:10:2025 11:01:25,15.046722013364,15.1138339847721,14.8857621951855,15.106792106321
Demo_Session_003_12_01,003,12_01,fps,Demo_Session_003_12_01_fps.csv,28:10:2025 11:01:30,15.0515064980024,14.9104997253983,14.9486327606761,14.9299962336596
Demo_Session_003_12_01,003,12_01,fps,Demo_Session_003_12_01_fps.csv,28:10:2025 11:01:35,14.9759994632602,15.0520655803931,14.8334316872262,14.9874173137942
Demo_Session_003_12_01,003,12_01,fps,Demo_Session_003_12_01_fps.csv,28:10:2025 11:01:40,14.9355166536238,14.9280943551103,15.0227963665768,14.9199128915806
Demo_Session_003_12_01,003,12_01,fps,Demo_Session_003_12_01_fps.csv,28:10:2025 11:01:45,14.9395240596304,14.9395240596304,14.9545680223481,14.9316957045842
Demo_Session_003_12_01,003,12_01,fps,Demo_Session_003_12_01_fps.csv,28:10:2025 11:01:50,9.4726046825832,9.47273883119096,9.47573879218343,9.47295957897621
Demo_Session_003_12_01,003,12_01,fps,Demo_Session_003_12_01_fps.csv,28:10:2025 11:01:55,9.29559315987202,9.29094491305852,9.44128465075694,9.29544672326941
Demo_Session_003_12_01,003,12_01,fps,Demo_Session_003_12_01_fps.csv,28:10:2025 11:02:00,10.3171319316511,10.312106712823,10.2195266247137,10.3247365643466
Demo_Session_003_12_01,003,12_01,fps,Demo_Session_003_12_01_fps.csv,28:10:2025 11:02:05,9.66208220190351,9.66911888413727,10.1608830678319,9.66208173512437
Demo_Session_003_12_01,003,12_01,fps,Demo_Session_003_12_01_fps.csv,28:10:2025 11:02:10,9.30362695041358,9.30327845574195,9.73558586881658,9.31324430590694
Demo_Session_003_12_01,003,12_01,fps,Demo_Session_003_12_01_fps.csv,28:10:2025 11:02:15,9.93934465229215,9.94432075366814,9.71931823842217,9.93940046927885
Demo_Session_003_12_01,003,12_01,fps,Demo_Session_003_12_01_fps.csv,28:10:2025 11:02:20,9.44243863441753,9.44667204843573,9.45982836585299,9.43983544478853
Demo_Session_003_12_01,003,12_01,fps,Demo_Session_003_12_01_fps.csv,28:10:2025 11:02:25,9.0606448031718,9.05632476323788,9.01685225958758,9.04899320187242
Demo_Session_003_12_01,003,12_01,fps,Demo_Session_003_12_01_fps.csv,28:10:2025 11:02:30,9.45951500215228,9.44609514957183,9.45806389051584,9.45471581133398
Demo_Session_003_12_01,003,12_01,fps,Demo_Session_003_12_01_fps.csv,28:10:2025 11:02:35,9.4110789499871,9.40638902735809,9.47162254527323,9.40849486068396
Demo_Session_003_12_01,003,12_01,fps,Demo_Session_003_12_01_fps.csv,28:10:2025 11:02:40,9.90173518007296,9.88216018092259,9.84812128867394,9.89693921319729
Demo_Session_003_12_01,003,12_01,fps,Demo_Session_003_12_01_fps.csv,28:10:2025 11:02:45,9.85140776863299,9.87572779175961,9.8964666298815,9.8658350030848
Demo_Session_003_12_01,003,12_01,fps,Demo_Session_003_12_01_fps.csv,28:10:2025 11:02:50,9.85140776863299,9.87572779175961,9.8964666298815,9.8658350030848
Demo_Session_003_12_01,003,12_01,fps,Demo_Session_003_12_01_fps.csv,28:10:2025 11:02:55,9.85140776863299,9.87572779175961,9.8964666298815,9.8658350030848
Demo_Session_003_12_01,003,12_01,fps,Demo_Session_003_12_01_fps.csv,28:10:2025 11:03:00,9.85140776863299,9.87572779175961,9.8964666298815,9.8658350030848
Demo_Session_003_12_01,003,12_01,fps,Demo_Session_003_12_01_fps.csv,28:10:2025 11:03:05,9.85140776863299,9.87572779175961,9.8964666298815,9.8658350030848
Demo_Session_003_12_01,003,12_01,fps,Demo_Session_003_12_01_fps.csv,28:10:2025 11:03:10,9.85140776863299,9.87572779175961,9.8964666298815,9.8658350030848
Demo_Session_003_12_01,003,12_01,fps,Demo_Session_003_12_01_fps.csv,28:10:2025 11:03:15,6.43722036467151,6.43721462713425,6.4356349622701,6.43993823802002
Demo_Session_003_12_01,003,12_01,fps,Demo_Session_003_12_01_fps.csv,28:10:2025 11:03:20,9.12675978939858,9.12892297447217,9.12912386549014,9.12237911647358
Demo_Session_003_12_01,003,12_01,fps,Demo_Session_003_12_01_fps.csv,28:10:2025 11:03:25,9.92268147368887,9.92777494091609,9.92704564520113,9.9277069344884
Demo_Session_003_12_01,003,12_01,fps,Demo_Session_003_12_01_fps.csv,28:10:2025 11:03:30,10.0182102438776,10.0254067677511,10.0279589044694,10.0270572979
Demo_Session_003_12_01,003,12_01,fps,Demo_Session_003_12_01_fps.csv,28:10:2025 11:03:35,9.16367834292915,9.16609032863618,9.16608502228902,9.16602399973834
Demo_Session_003_12_01,003,12_01,fps,Demo_Session_003_12_01_fps.csv,28:10:2025 11:03:40,17.2519463399404,17.2348020683929,17.2259641938155,17.2251749179602
Demo_Session_003_12_01,003,12_01,fps,Demo_Session_003_12_01_fps.csv,28:10:2025 11:03:45,16.3786765910197,16.3867967308241,16.3904845191129,16.3908931998704
Demo_Session_003_12_01,003,12_01,fps,Demo_Session_003_12_01_fps.csv,28:10:2025 11:03:50,13.9265555241324,13.9341777312332,13.9272385349978,13.9198896431149
Demo_Session_003_12_01,003,12_01,fps,Demo_Session_003_12_01_fps.csv,28:10:2025 11:03:55,12.13078289061,12.13076665274,12.1307768014036,12.1255590771245
Demo_Session_003_12_01,003,12_01,fps,Demo_Session_003_12_01_fps.csv,28:10:2025 11:04:00,15.4051635027028,15.4964923689523,15.1769293220836,15.4888387428019
Demo_Session_003_12_01,003,12_01,fps,Demo_Session_003_12_01_fps.csv,28:10:2025 11:04:05,14.9787017839334,14.9783360836055,15.0724664739725,14.9893043818583
Demo_Session_003_12_01,003,12_01,fps,Demo_Session_003_12_01_fps.csv,28:10:2025 11:04:10,13.7059437734216,13.6992293107145,13.7325557306347,13.6936993333125
Demo_Session_003_12_01,003,12_01,fps,Demo_Session_003_12_01_fps.csv,28:10:2025 11:04:15,15.6589151611231,15.6512532961173,15.6484765352317,15.6482936464896
Demo_Session_003_12_01,003,12_01,fps,Demo_Session_003_12_01_fps.csv,28:10:2025 11:04:20,16.9477179847887,16.7964331094649,16.7481950741095,16.7285639934979
Demo_Session_003_12_01,003,12_01,fps,Demo_Session_003_12_01_fps.csv,28:10:2025 11:04:25,13.972331988197,13.9932307746128,12.3438638378554,13.6565181741854
Demo_Session_003_12_01,003,12_01,fps,Demo_Session_003_12_01_fps.csv,28:10:2025 11:04:30,16.9480373175843,16.9940605758287,15.2486091423872,16.962702409941
Demo_Session_003_12_01,003,12_01,fps,Demo_Session_003_12_01_fps.csv,28:10:2025 11:04:35,17.6273179555876,17.6188039621754,17.3776742068395,17.6171468081376
Demo_Session_003_12_01,003,12_01,fps,Demo_Session_003_12_01_fps.csv,28:10:2025 11:04:40,26.1519670078627,26.1588467837846,17.9401892032154,17.3864529395083
Demo_Session_003_12_01,003,12_01,fps,Demo_Session_003_12_01_fps.csv,28:10:2025 11:04:45,24.4331301876459,24.4085691612075,23.8472891146962,24.2502595747785
Demo_Session_003_12_01,003,12_01,fps,Demo_Session_003_12_01_fps.csv,28:10:2025 11:04:50,17.9211157288406,17.9300807535973,21.8184162309182,21.9125459335519
Demo_Session_003_12_01,003,12_01,fps,Demo_Session_003_12_01_fps.csv,28:10:2025 11:04:55,14.9266927727889,14.9110036745683,15.0274119383965,15.0004178342194
Demo_Session_003_12_01,003,12_01,fps,Demo_Session_003_12_01_fps.csv,28:10:2025 11:05:00,15.1399611264405,15.1325329199711,14.9549034885303,14.9473017927993
Demo_Session_003_12_01,003,12_01,fps,Demo_Session_003_12_01_fps.csv,28:10:2025 11:05:05,14.9631079746077,14.956029754973,15.079457308816,15.0642690311284
Demo_Session_003_12_01,003,12_01,fps,Demo_Session_003_12_01_fps.csv,28:10:2025 11:05:10,15.1188168306571,15.1188227294625,15.1976987742566,15.1967369566407
Demo_Session_003_12_01,003,12_01,fps,Demo_Session_003_12_01_fps.csv,28:10:2025 11:05:15,14.7028727279022,14.6994572675871,14.9788790316215,14.9843054384837
Demo_Session_003_12_01,003,12_01,fps,Demo_Session_003_12_01_fps.csv,28:10:2025 11:05:20,15.319108898307,15.3157515093426,14.992580607126,15.0046717771611
Demo_Session_003_12_01,003,12_01,fps,Demo_Session_003_12_01_fps.csv,28:10:2025 11:05:25,14.9028860640709,14.9100911881938,14.9549213804828,14.9469659228608
Demo_Session_003_12_01,003,12_01,fps,Demo_Session_003_12_01_fps.csv,28:10:2025 11:05:30,14.9718813097122,14.9718813097122,15.0204605321652,15.0065755425446
Demo_Session_003_12_01,003,12_01,fps,Demo_Session_003_12_01_fps.csv,28:10:2025 11:05:35,14.9960058138515,14.9884693705133,14.8070464167343,14.7956878263744
Demo_Session_003_12_01,003,12_01,fps,Demo_Session_003_12_01_fps.csv,28:10:2025 11:05:40,15.0208462696334,15.0281295073784,15.1019157657034,15.103733170239
Demo_Session_003_12_01,003,12_01,fps,Demo_Session_003_12_01_fps.csv,28:10:2025 11:05:45,14.9654544931208,14.9946439131942,14.8506095506943,14.8425818037764
Demo_Session_003_12_01,003,12_01,fps,Demo_Session_003_12_01_fps.csv,28:10:2025 11:05:50,14.8820552475466,14.8996005317767,14.9911791901645,14.9984664068099
Demo_Session_003_12_01,003,12_01,fps,Demo_Session_003_12_01_fps.csv,28:10:2025 11:05:55,15.2449332112099,15.2562381158211,15.1817554869558,15.1741859489779
Demo_Session_003_12_01,003,12_01,fps,Demo_Session_003_12_01_fps.csv,28:10:2025 11:06:00,15.2449332112099,15.2562381158211,15.1817554869558,15.1741859489779
Demo_Session_003_12_01,003,12_01,fps,Demo_Session_003_12_01_fps.csv,28:10:2025 11:06:05,15.2449332112099,15.2562381158211,15.1817554869558,15.1741859489779
Demo_Session_003_12_01,003,12_01,fps,Demo_Session_003_12_01_fps.csv,28:10:2025 11:06:10,15.2449332112099,15.2562381158211,15.1817554869558,15.1741859489779
Demo_Session_003_12_01,003,12_01,fps,Demo_Session_003_12_01_fps.csv,28:10:2025 11:06:15,15.2449332112099,15.2562381158211,15.1817554869558,15.1741859489779
Demo_Session_004_12_51,004,12_51,fps,Demo_Session_004_12_51_fps.csv,28:10:2025 11:51:00,14.9382237227059,14.9729192296353,14.9768809377405,14.9838466641038
Demo_Session_004_12_51,004,12_51,fps,Demo_Session_004_12_51_fps.csv,28:10:2025 11:51:05,14.9379819802128,14.9674340019447,14.9639573778223,14.9564396108662
Demo_Session_004_12_51,004,12_51,fps,Demo_Session_004_12_51_fps.csv,28:10:2025 11:51:10,14.9045223748926,14.911987214661,14.9083020159602,14.9184134346877
Demo_Session_004_12_51,004,12_51,fps,Demo_Session_004_12_51_fps.csv,28:10:2025 11:51:15,14.9992800345583,15.0679279202823,14.9919073684025,15.0872409976988
Demo_Session_004_12_51,004,12_51,fps,Demo_Session_004_12_51_fps.csv,28:10:2025 11:51:20,15.0494853779928,15.0855068426156,15.049491953425,15.0894544232521
Demo_Session_004_12_51,004,12_51,fps,Demo_Session_004_12_51_fps.csv,28:10:2025 11:51:25,14.9790713381655,14.9438537000708,14.9870465989339,14.9922035705239
Demo_Session_004_12_51,004,12_51,fps,Demo_Session_004_12_51_fps.csv,28:10:2025 11:51:30,14.9875429344758,14.9921578923773,14.9921506419034,14.9987369611988
Demo_Session_004_12_51,004,12_51,fps,Demo_Session_004_12_51_fps.csv,28:10:2025 11:51:35,14.9039163742214,14.8967258053867,14.9037243445606,14.9006324885892
Demo_Session_004_12_51,004,12_51,fps,Demo_Session_004_12_51_fps.csv,28:10:2025 11:51:40,14.9912188935331,15.1346244372239,15.1348113794839,15.1264736662
Demo_Session_004_12_51,004,12_51,fps,Demo_Session_004_12_51_fps.csv,28:10:2025 11:51:45,14.9671319368613,15.0449314451006,15.0493589846906,15.0487540796687
Demo_Session_004_12_51,004,12_51,fps,Demo_Session_004_12_51_fps.csv,28:10:2025 11:51:50,14.927490461458,14.9763106167984,14.9690016120166,14.9725319242152
Demo_Session_004_12_51,004,12_51,fps,Demo_Session_004_12_51_fps.csv,28:10:2025 11:51:55,15.2692962036589,15.0962007829766,15.1034336730761,15.0814564055421
Demo_Session_004_12_51,004,12_51,fps,Demo_Session_004_12_51_fps.csv,28:10:2025 11:52:00,14.7733334830364,14.7760672236193,14.769071535918,14.7870239724275
Demo_Session_004_12_51,004,12_51,fps,Demo_Session_004_12_51_fps.csv,28:10:2025 11:52:05,9.7425259846564,9.48643534609861,9.52991275221927,9.48404877835968
Demo_Session_004_12_51,004,12_51,fps,Demo_Session_004_12_51_fps.csv,28:10:2025 11:52:10,8.98294811873361,8.06713948012981,8.43371772565057,8.0580925907071
Demo_Session_004_12_51,004,12_51,fps,Demo_Session_004_12_51_fps.csv,28:10:2025 11:52:15,9.94630833565787,9.94248650319294,9.65273606321075,9.9422332575751
Demo_Session_004_12_51,004,12_51,fps,Demo_Session_004_12_51_fps.csv,28:10:2025 11:52:20,10.0894109182128,10.0005143121646,10.167719437179,10.0026397442601
Demo_Session_004_12_51,004,12_51,fps,Demo_Session_004_12_51_fps.csv,28:10:2025 11:52:25,9.0417634293981,9.4526403811623,9.45310080363795,9.46490602145365
Demo_Session_004_12_51,004,12_51,fps,Demo_Session_004_12_51_fps.csv,28:10:2025 11:52:30,9.31572243402961,9.28206182927944,9.28205502744191,9.27973436906891
Demo_Session_004_12_51,004,12_51,fps,Demo_Session_004_12_51_fps.csv,28:10:2025 11:52:35,9.87941092234082,9.37552583130074,9.3876931493161,9.37593528038611
Demo_Session_004_12_51,004,12_51,fps,Demo_Session_004_12_51_fps.csv,28:10:2025 11:52:40,9.27100569576434,9.82989030776256,9.79705978479387,9.83170722630973
Demo_Session_004_12_51,004,12_51,fps,Demo_Session_004_12_51_fps.csv,28:10:2025 11:52:45,8.92337099772558,8.54770380895654,9.42868426085616,8.55300052087773
Demo_Session_004_12_51,004,12_51,fps,Demo_Session_004_12_51_fps.csv,28:10:2025 11:52:50,9.37993958726489,9.32717445277099,9.81925886590702,9.33087050735774
Demo_Session_004_12_51,004,12_51,fps,Demo_Session_004_12_51_fps.csv,28:10:2025 11:52:55,8.90379141740791,9.45436674982412,9.59934678365007,9.45205358388081
Demo_Session_004_12_51,004,12_51,fps,Demo_Session_004_12_51_fps.csv,28:10:2025 11:53:00,9.03786890856554,8.4987360490887,8.29583534426009,8.49712605953851
Demo_Session_004_12_51,004,12_51,fps,Demo_Session_004_12_51_fps.csv,28:10:2025 11:53:05,9.09024189325052,9.04314053992309,9.02019507738521,9.04691209605954
Demo_Session_004_12_51,004,12_51,fps,Demo_Session_004_12_51_fps.csv,28:10:2025 11:53:10,9.30635066348892,9.56596445153686,9.40334675999274,9.56147261976701
Demo_Session_004_12_51,004,12_51,fps,Demo_Session_004_12_51_fps.csv,28:10:2025 11:53:15,9.79619505987679,9.28263866136924,9.82511829810873,9.27997413329315
Demo_Session_004_12_51,004,12_51,fps,Demo_Session_004_12_51_fps.csv,28:10:2025 11:53:20,8.81581341428862,9.02545896715213,9.29367711525436,9.02546496939156
Demo_Session_004_12_51,004,12_51,fps,Demo_Session_004_12_51_fps.csv,28:10:2025 11:53:25,9.39091652231428,9.71365080231599,9.17636475605576,9.71126420703328
Demo_Session_004_12_51,004,12_51,fps,Demo_Session_004_12_51_fps.csv,28:10:2025 11:53:30,10.2330583921702,9.66933672507881,9.37079639636654,9.67177992715892
Demo_Session_004_12_51,004,12_51,fps,Demo_Session_004_12_51_fps.csv,28:10:2025 11:53:35,9.12472646231185,9.11375671210194,9.10937628100604,9.88133602382351
Demo_Session_004_12_51,004,12_51,fps,Demo_Session_004_12_51_fps.csv,28:10:2025 11:53:40,10.0959577515898,10.0959577515898,10.1036903247783,10.1657338960374
Demo_Session_004_12_51,004,12_51,fps,Demo_Session_004_12_51_fps.csv,28:10:2025 11:53:45,10.7174139464733,10.7174139464733,10.7150722980021,10.3317449505442
Demo_Session_004_12_51,004,12_51,fps,Demo_Session_004_12_51_fps.csv,28:10:2025 11:53:50,18.1310743386789,18.1537650393517,18.1624829469011,16.2364100018254
Demo_Session_004_12_51,004,12_51,fps,Demo_Session_004_12_51_fps.csv,28:10:2025 11:53:55,17.3199847386192,17.3285298648548,17.3371547064158,17.6267517686242
Demo_Session_004_12_51,004,12_51,fps,Demo_Session_004_12_51_fps.csv,28:10:2025 11:54:00,16.6877242842414,16.3760318016583,16.7330863562597,16.2078996123954
Demo_Session_004_12_51,004,12_51,fps,Demo_Session_004_12_51_fps.csv,28:10:2025 11:54:05,15.4192831366363,15.46421040465,15.4311715738705,19.4889770345892
Demo_Session_004_12_51,004,12_51,fps,Demo_Session_004_12_51_fps.csv,28:10:2025 11:54:10,15.7387168401221,15.7542199893679,15.7541695748289,17.4337416121911
Demo_Session_004_12_51,004,12_51,fps,Demo_Session_004_12_51_fps.csv,28:10:2025 11:54:15,15.3088680173599,15.334229314001,15.3381176715649,17.6288794736526
Demo_Session_004_12_51,004,12_51,fps,Demo_Session_004_12_51_fps.csv,28:10:2025 11:54:20,15.1725483840714,15.1653456307857,15.1621451649364,15.7834923117376
Demo_Session_004_12_51,004,12_51,fps,Demo_Session_004_12_51_fps.csv,28:10:2025 11:54:25,15.4213572465853,15.4293428672736,15.4292975583336,15.2945211670253
Demo_Session_004_12_51,004,12_51,fps,Demo_Session_004_12_51_fps.csv,28:10:2025 11:54:30,16.6919385889833,16.5852137551129,16.5933104069095,15.9221701165184
Demo_Session_004_12_51,004,12_51,fps,Demo_Session_004_12_51_fps.csv,28:10:2025 11:54:35,17.2454247641737,16.5922139864653,16.595195066268,16.687535083702
Demo_Session_004_12_51,004,12_51,fps,Demo_Session_004_12_51_fps.csv,28:10:2025 11:54:40,15.4512339741733,15.5838747025306,15.5799793370524,15.651313771278
Demo_Session_004_12_51,004,12_51,fps,Demo_Session_004_12_51_fps.csv,28:10:2025 11:54:45,12.904681861595,12.8762368306431,12.4997656293944,14.2458168755259
Demo_Session_004_12_51,004,12_51,fps,Demo_Session_004_12_51_fps.csv,28:10:2025 11:54:50,14.9566511380067,14.9230968052336,14.9234026512121,15.0675265785093
Demo_Session_004_12_51,004,12_51,fps,Demo_Session_004_12_51_fps.csv,28:10:2025 11:54:55,17.1968901929919,17.1883604155596,17.1965691174087,16.4861318658744
Demo_Session_004_12_51,004,12_51,fps,Demo_Session_004_12_51_fps.csv,28:10:2025 11:55:00,14.4214478158916,14.4141199526163,14.4176937119068,14.4434610716351
Demo_Session_004_12_51,004,12_51,fps,Demo_Session_004_12_51_fps.csv,28:10:2025 11:55:05,14.982213937219,14.988784279531,14.9858156837486,14.771045835343
Demo_Session_004_12_51,004,12_51,fps,Demo_Session_004_12_51_fps.csv,28:10:2025 11:55:10,14.9114135289366,14.9077256505408,14.9115239637137,14.9511605389834
Demo_Session_004_12_51,004,12_51,fps,Demo_Session_004_12_51_fps.csv,28:10:2025 11:55:15,15.0971543276407,15.1230327007775,15.130046163235,14.9704386233724
Demo_Session_004_12_51,004,12_51,fps,Demo_Session_004_12_51_fps.csv,28:10:2025 11:55:20,14.7855022827337,14.8001579078181,14.8041470561065,14.9599693659721
Demo_Session_004_12_51,004,12_51,fps,Demo_Session_004_12_51_fps.csv,28:10:2025 11:55:25,15.6702862089631,15.6549553902262,15.6510282407643,15.5552641103988
Demo_Session_004_12_51,004,12_51,fps,Demo_Session_004_12_51_fps.csv,28:10:2025 11:55:30,13.5841781196247,13.6074581700661,13.6102401502571,14.0060439460396
Demo_Session_004_12_51,004,12_51,fps,Demo_Session_004_12_51_fps.csv,28:10:2025 11:55:35,14.5851360156306,14.5710090928925,14.5745350711167,14.5683068330167
Demo_Session_004_12_51,004,12_51,fps,Demo_Session_004_12_51_fps.csv,28:10:2025 11:55:40,14.7140739086952,14.7139786475647,14.7247473527849,14.8894665560743
Demo_Session_004_12_51,004,12_51,fps,Demo_Session_004_12_51_fps.csv,28:10:2025 11:55:45,16.2233074358546,16.6672827025077,16.6591047397113,16.8605572900165
Demo_Session_004_12_51,004,12_51,fps,Demo_Session_004_12_51_fps.csv,28:10:2025 11:55:50,14.881894310374,14.9004722953035,14.9077530602263,15.1427248219594
Demo_Session_004_12_51,004,12_51,fps,Demo_Session_004_12_51_fps.csv,28:10:2025 11:55:55,15.3672142071184,15.3634260559047,15.3673277129233,14.9064286209392
Demo_Session_004_12_51,004,12_51,fps,Demo_Session_004_12_51_fps.csv,28:10:2025 11:56:00,14.8596896098128,14.8414436628446,14.8812314040412,15.2584052771244
Demo_Session_004_12_51,004,12_51,fps,Demo_Session_004_12_51_fps.csv,28:10:2025 11:56:05,14.9113534946099,14.9262196960425,14.8179715915776,15.409676949047
Demo_Session_004_12_51,004,12_51,fps,Demo_Session_004_12_51_fps.csv,28:10:2025 11:56:10,14.6443302230078,14.6263915000383,14.622697839009,14.6471365653607
Demo_Session_004_12_51,004,12_51,fps,Demo_Session_004_12_51_fps.csv,28:10:2025 11:56:15,15.1367483139616,15.1515588436936,15.1477911344376,15.0139547444533
Demo_Session_004_12_51,004,12_51,fps,Demo_Session_004_12_51_fps.csv,28:10:2025 11:56:20,14.9401266952624,14.9401266952624,14.9401356235632,14.9865181282918
Demo_Session_004_12_51,004,12_51,fps,Demo_Session_004_12_51_fps.csv,28:10:2025 11:56:25,14.8125925601878,14.8125750071767,14.8088971064007,15.1008439228407
Demo_Session_004_12_51,004,12_51,fps,Demo_Session_004_12_51_fps.csv,28:10:2025 11:56:30,15.1284896789539,15.1286683482588,15.1215219158168,14.8398938690364
Demo_Session_004_12_51,004,12_51,fps,Demo_Session_004_12_51_fps.csv,28:10:2025 11:56:35,14.9260028482794,14.9140110322917,14.9169024117349,15.202934656806
Demo_Session_004_12_51,004,12_51,fps,Demo_Session_004_12_51_fps.csv,28:10:2025 11:56:40,14.8288747849813,14.8362596206962,14.8325281495427,14.5680812962848
Demo_Session_004_12_51,004,12_51,fps,Demo_Session_004_12_51_fps.csv,28:10:2025 11:56:45,15.0809956492787,15.0883850828438,15.0882352697818,15.3984464755713
Demo_Session_004_12_51,004,12_51,fps,Demo_Session_004_12_51_fps.csv,28:10:2025 11:56:50,14.969590026341,14.9845681424984,14.9744625515646,14.9013730274121
Demo_Session_004_12_51,004,12_51,fps,Demo_Session_004_12_51_fps.csv,28:10:2025 11:56:55,15.0740334408193,14.996482575012,14.9928574027333,15.0577713254958
Demo_Session_004_12_51,004,12_51,fps,Demo_Session_004_12_51_fps.csv,28:10:2025 11:57:00,14.8287663039814,14.8291328002227,14.8295828823904,14.0991834773905
Demo_Session_004_12_51,004,12_51,fps,Demo_Session_004_12_51_fps.csv,28:10:2025 11:57:05,15.0615360920561,15.0541093250786,15.0539828540963,14.963863765393
Demo_Session_004_12_51,004,12_51,fps,Demo_Session_004_12_51_fps.csv,28:10:2025 11:57:10,14.6156694214689,14.6227608366804,14.6296720329562,14.8003754953932
Demo_Session_004_12_51,004,12_51,fps,Demo_Session_004_12_51_fps.csv,28:10:2025 11:57:15,15.3292141592094,15.3180695852465,15.3247681720977,15.5590389434479
Demo_Session_004_12_51,004,12_51,fps,Demo_Session_004_12_51_fps.csv,28:10:2025 11:57:20,14.9127447846279,14.9052828893513,14.9014122565109,14.5889895048268
Demo_Session_004_12_51,004,12_51,fps,Demo_Session_004_12_51_fps.csv,28:10:2025 11:57:25,15.0943021395297,15.1091916913873,15.1132003079193,15.1323275672494
Demo_Session_004_12_51,004,12_51,fps,Demo_Session_004_12_51_fps.csv,28:10:2025 11:57:30,14.9630227506969,14.9666470684056,14.9775501018377,15.0339118980755
Demo_Session_004_12_51,004,12_51,fps,Demo_Session_004_12_51_fps.csv,28:10:2025 11:57:35,14.9540231082525,14.9540380164545,14.9500816772796,14.9633338467419
Demo_Session_004_12_51,004,12_51,fps,Demo_Session_004_12_51_fps.csv,28:10:2025 11:57:40,14.9828932815957,14.9903619467863,14.9826111814628,14.5419719777138
Demo_Session_004_12_51,004,12_51,fps,Demo_Session_004_12_51_fps.csv,28:10:2025 11:57:45,14.9165515896146,14.912807795382,14.9017157338772,14.9529945140952
Demo_Session_004_12_51,004,12_51,fps,Demo_Session_004_12_51_fps.csv,28:10:2025 11:57:50,15.2298364089579,15.2298057320371,15.222428903523,14.9590320367456
Demo_Session_004_12_51,004,12_51,fps,Demo_Session_004_12_51_fps.csv,28:10:2025 11:57:55,15.0885583997055,15.0885583997055,15.0884394275329,14.8367204082353
Demo_Session_004_12_51,004,12_51,fps,Demo_Session_004_12_51_fps.csv,28:10:2025 11:58:00,14.3875690609516,14.4019987193147,14.4022583535706,14.5465392764804
Demo_Session_004_12_51,004,12_51,fps,Demo_Session_004_12_51_fps.csv,28:10:2025 11:58:05,14.9759867540392,14.9610004121756,14.9800189017879,14.8637035543327
Demo_Session_004_12_51,004,12_51,fps,Demo_Session_004_12_51_fps.csv,28:10:2025 11:58:10,14.9982542032107,15.2764761289291,14.986809359742,14.7126393489245
Demo_Session_004_12_51,004,12_51,fps,Demo_Session_004_12_51_fps.csv,28:10:2025 11:58:15,14.8217089459102,15.2071737045794,14.7924575263213,14.8847089979852
Demo_Session_004_12_51,004,12_51,fps,Demo_Session_004_12_51_fps.csv,28:10:2025 11:58:20,15.1636431014522,15.1066485529829,15.1588723168185,15.0998310718576
Demo_Session_004_12_51,004,12_51,fps,Demo_Session_004_12_51_fps.csv,28:10:2025 11:58:25,15.0388385281848,14.9823762308397,15.0425558758164,15.12896737038
Demo_Session_004_12_51,004,12_51,fps,Demo_Session_004_12_51_fps.csv,28:10:2025 11:58:30,14.9665495204259,14.9464453915177,14.9625706468633,14.7873869504268
Demo_Session_004_12_51,004,12_51,fps,Demo_Session_004_12_51_fps.csv,28:10:2025 11:58:35,15.0135795405399,14.9774394829069,15.0204481597819,14.9439147407821
Demo_Session_004_12_51,004,12_51,fps,Demo_Session_004_12_51_fps.csv,28:10:2025 11:58:40,14.9773153581585,14.9698783592594,14.9699739747002,15.16174006302
Demo_Session_004_12_51,004,12_51,fps,Demo_Session_004_12_51_fps.csv,28:10:2025 11:58:45,15.1756805313642,15.1831563744621,15.1719646759467,15.123276903834
Demo_Session_004_12_51,004,12_51,fps,Demo_Session_004_12_51_fps.csv,28:10:2025 11:58:50,15.0039419227416,14.9966871834248,14.9931440221585,14.9989815691515
Demo_Session_004_12_51,004,12_51,fps,Demo_Session_004_12_51_fps.csv,28:10:2025 11:58:55,14.9377372703964,14.9487497065062,14.9485024092003,14.9836962884031
Demo_Session_004_13_07,004,13_07,fps,Demo_Session_004_13_07_fps.csv,28:10:2025 12:06:45,14.9389780095754,15.0488307859465,15.0555503670567,14.9469577310996
Demo_Session_004_13_07,004,13_07,fps,Demo_Session_004_13_07_fps.csv,28:10:2025 12:06:50,14.9992050421328,15.1016516530268,15.0980138708863,14.9998957507245
Demo_Session_004_13_07,004,13_07,fps,Demo_Session_004_13_07_fps.csv,28:10:2025 12:06:55,14.8849696984191,14.948700544342,14.9459152166057,14.87237347068
Demo_Session_004_13_07,004,13_07,fps,Demo_Session_004_13_07_fps.csv,28:10:2025 12:07:00,14.9716078428868,14.9997300048599,14.9922572487439,14.9863893611822
Demo_Session_004_13_07,004,13_07,fps,Demo_Session_004_13_07_fps.csv,28:10:2025 12:07:05,14.9336520241047,14.973692671044,14.9670278789863,14.9576466755558
Demo_Session_004_13_07,004,13_07,fps,Demo_Session_004_13_07_fps.csv,28:10:2025 12:07:10,14.9477091763738,14.9351381883618,14.9275825650812,14.9477330093728
Demo_Session_004_13_07,004,13_07,fps,Demo_Session_004_13_07_fps.csv,28:10:2025 12:07:15,15.0142747005887,14.9654358294084,14.87270673397,15.0168675754003
Demo_Session_004_13_07,004,13_07,fps,Demo_Session_004_13_07_fps.csv,28:10:2025 12:07:20,14.9793746091772,15.0772519480782,14.9511918342571,14.9949819292974
Demo_Session_004_13_07,004,13_07,fps,Demo_Session_004_13_07_fps.csv,28:10:2025 12:07:25,14.9353865307905,14.9422831898368,15.0782566383484,14.9470077946717
Demo_Session_004_13_07,004,13_07,fps,Demo_Session_004_13_07_fps.csv,28:10:2025 12:07:30,14.9514191014845,14.9663250203879,14.9649369114465,14.9401869614996
Demo_Session_004_13_07,004,13_07,fps,Demo_Session_004_13_07_fps.csv,28:10:2025 12:07:35,14.963324144356,15.1146519485712,14.7919775566573,14.9644101433561
Demo_Session_004_13_07,004,13_07,fps,Demo_Session_004_13_07_fps.csv,28:10:2025 12:07:40,12.3197114940395,12.3689277099504,12.5916917305905,12.3286174234728
Demo_Session_004_13_07,004,13_07,fps,Demo_Session_004_13_07_fps.csv,28:10:2025 12:07:45,11.3409113960726,11.1585310948479,11.1106253567175,11.3347026311196
Demo_Session_004_13_07,004,13_07,fps,Demo_Session_004_13_07_fps.csv,28:10:2025 12:07:50,10.9883913139963,11.220406543624,11.16545071672,10.9800930912256
Demo_Session_004_13_07,004,13_07,fps,Demo_Session_004_13_07_fps.csv,28:10:2025 12:07:55,11.1625683943912,10.802707453107,11.317887271284,11.1539368402022
Demo_Session_004_13_07,004,13_07,fps,Demo_Session_004_13_07_fps.csv,28:10:2025 12:08:00,11.3605318625627,11.4753790005853,11.8088100513049,11.3644246863765
Demo_Session_004_13_07,004,13_07,fps,Demo_Session_004_13_07_fps.csv,28:10:2025 12:08:05,10.1233267044826,10.0914356148387,9.95727947779095,10.1281304966208
Demo_Session_004_13_07,004,13_07,fps,Demo_Session_004_13_07_fps.csv,28:10:2025 12:08:10,10.1491372218448,10.6892054718432,10.633544143346,10.1563404171228
Demo_Session_004_13_07,004,13_07,fps,Demo_Session_004_13_07_fps.csv,28:10:2025 12:08:15,9.82749406566771,9.71561425513786,9.82697111474851,9.825034797817
Demo_Session_004_13_07,004,13_07,fps,Demo_Session_004_13_07_fps.csv,28:10:2025 12:08:20,9.89763862137771,10.0758413375497,10.5190108648951,9.89651657956
Demo_Session_004_13_07,004,13_07,fps,Demo_Session_004_13_07_fps.csv,28:10:2025 12:08:25,10.1847869546265,10.6736799859961,10.0783394121717,10.1850092378034
Demo_Session_004_13_07,004,13_07,fps,Demo_Session_004_13_07_fps.csv,28:10:2025 12:08:30,9.42113053467246,9.54170157736731,9.60656827971676,9.42785054534657
Demo_Session_004_13_07,004,13_07,fps,Demo_Session_004_13_07_fps.csv,28:10:2025 12:08:35,9.83347550080539,9.89090773855225,9.42727984870307,9.83549108434863
Demo_Session_004_13_07,004,13_07,fps,Demo_Session_004_13_07_fps.csv,28:10:2025 12:08:40,9.82033838234574,9.64267477577045,9.80051060660261,9.81558527463934
Demo_Session_004_13_07,004,13_07,fps,Demo_Session_004_13_07_fps.csv,28:10:2025 12:08:45,10.8614304138516,10.7419016437307,10.5569992785251,10.8617307111338
Demo_Session_004_13_07,004,13_07,fps,Demo_Session_004_13_07_fps.csv,28:10:2025 12:08:50,10.8719569451597,10.8789294816912,11.1649558637159,10.8590212924634
Demo_Session_004_13_07,004,13_07,fps,Demo_Session_004_13_07_fps.csv,28:10:2025 12:08:55,11.1842887779472,11.0852936229198,11.0997095109502,11.1786006977585
Demo_Session_004_13_07,004,13_07,fps,Demo_Session_004_13_07_fps.csv,28:10:2025 12:09:00,10.9811683943206,11.0330461799181,10.9726791262436,10.988757951178
Demo_Session_004_13_07,004,13_07,fps,Demo_Session_004_13_07_fps.csv,28:10:2025 12:09:05,11.1402986936886,10.9874391595528,11.0349036401029,11.1401179331633
Demo_Session_004_13_07,004,13_07,fps,Demo_Session_004_13_07_fps.csv,28:10:2025 12:09:10,10.3892947914903,10.3784824998028,11.0999441383246,10.397039675648
Demo_Session_004_13_07,004,13_07,fps,Demo_Session_004_13_07_fps.csv,28:10:2025 12:09:15,8.94339190658806,9.11492408107773,9.2099742275837,8.93686373874489
Demo_Session_004_13_07,004,13_07,fps,Demo_Session_004_13_07_fps.csv,28:10:2025 12:09:20,10.7182018598906,10.2718890776851,10.309378559497,10.727640233176
Demo_Session_004_13_07,004,13_07,fps,Demo_Session_004_13_07_fps.csv,28:10:2025 12:09:25,10.7182018598906,10.6397986601882,10.6519414228437,10.727640233176
Demo_Session_004_13_07,004,13_07,fps,Demo_Session_004_13_07_fps.csv,28:10:2025 12:09:30,10.7182018598906,10.6397986601882,10.6519414228437,10.727640233176
Demo_Session_004_13_07,004,13_07,fps,Demo_Session_004_13_07_fps.csv,28:10:2025 12:09:35,10.7182018598906,10.6397986601882,10.6519414228437,10.727640233176
Demo_Session_004_13_07,004,13_07,fps,Demo_Session_004_13_07_fps.csv,28:10:2025 12:09:40,10.7182018598906,10.6397986601882,10.6519414228437,10.727640233176
Demo_Session_004_13_07,004,13_07,fps,Demo_Session_004_13_07_fps.csv,28:10:2025 12:09:45,10.7182018598906,10.6397986601882,10.6519414228437,10.727640233176
Demo_Session_004_13_07,004,13_07,fps,Demo_Session_004_13_07_fps.csv,28:10:2025 12:09:50,10.7182018598906,10.6397986601882,10.6519414228437,10.727640233176
Demo_Session_004_13_07,004,13_07,fps,Demo_Session_004_13_07_fps.csv,28:10:2025 12:09:55,10.0195424017731,10.0291082928786,10.0242711471785,9.82830420567177
Demo_Session_004_13_07,004,13_07,fps,Demo_Session_004_13_07_fps.csv,28:10:2025 12:10:00,10.7796536389489,10.7664071848346,10.7555342356966,10.7340677647553
Demo_Session_004_13_07,004,13_07,fps,Demo_Session_004_13_07_fps.csv,28:10:2025 12:10:05,13.8862809922807,13.8863195581477,13.8802884115728,14.0237488361882
Demo_Session_004_13_07,004,13_07,fps,Demo_Session_004_13_07_fps.csv,28:10:2025 12:10:10,18.4989594335319,18.3973417196809,18.3974085216699,18.3972962946054
Demo_Session_004_13_07,004,13_07,fps,Demo_Session_004_13_07_fps.csv,28:10:2025 12:10:15,15.2643241772172,15.3552331650053,15.3552255590999,15.3628200032044
Demo_Session_004_13_07,004,13_07,fps,Demo_Session_004_13_07_fps.csv,28:10:2025 12:10:20,17.3258921101848,17.1129529211908,17.1175879499223,17.1129512477444
Demo_Session_004_13_07,004,13_07,fps,Demo_Session_004_13_07_fps.csv,28:10:2025 12:10:25,13.1892661004339,13.1368656190605,13.1459905771353,13.1537534530304
Demo_Session_004_13_07,004,13_07,fps,Demo_Session_004_13_07_fps.csv,28:10:2025 12:10:30,17.1750691603231,17.1664936529342,17.1538297125601,17.1768594723337
Demo_Session_004_13_07,004,13_07,fps,Demo_Session_004_13_07_fps.csv,28:10:2025 12:10:35,16.9201697929086,17.3844809930254,17.3884729428157,16.9324665504103
Demo_Session_004_13_07,004,13_07,fps,Demo_Session_004_13_07_fps.csv,28:10:2025 12:10:40,15.2167859409071,15.2054797409791,15.1942446945864,15.1957767505106
Demo_Session_004_13_07,004,13_07,fps,Demo_Session_004_13_07_fps.csv,28:10:2025 12:10:45,15.3662978424726,15.3741319814677,15.3739718656315,15.3622863205084
Demo_Session_004_13_07,004,13_07,fps,Demo_Session_004_13_07_fps.csv,28:10:2025 12:10:50,15.2390772807528,15.2237752546471,15.2247330208007,15.2337760530741
Demo_Session_004_13_07,004,13_07,fps,Demo_Session_004_13_07_fps.csv,28:10:2025 12:10:55,15.1809042246057,15.2030934666079,15.1957849441535,15.1849628896651
Demo_Session_004_13_07,004,13_07,fps,Demo_Session_004_13_07_fps.csv,28:10:2025 12:11:00,14.9268858739565,14.9266095922871,14.911722602195,14.9420792710178
Demo_Session_004_13_07,004,13_07,fps,Demo_Session_004_13_07_fps.csv,28:10:2025 12:11:05,15.2717499523866,15.2716137795081,15.2717446859871,15.2722224384419
Demo_Session_004_13_07,004,13_07,fps,Demo_Session_004_13_07_fps.csv,28:10:2025 12:11:10,14.9933492404708,14.9824941638352,15.0009230406677,15.0301106448868
Demo_Session_004_13_07,004,13_07,fps,Demo_Session_004_13_07_fps.csv,28:10:2025 12:11:15,14.6190901049081,14.6119319282694,14.6154962552906,14.6014483565997
Demo_Session_004_13_07,004,13_07,fps,Demo_Session_004_13_07_fps.csv,28:10:2025 12:11:20,15.8060893156665,15.8060893156665,15.8127126501009,15.8022966761696
